Country,BCA,BCA_NGDPD,GGR_NGDP,GGXCNL_NGDP,GGXONLB_NGDP,GGXWDG_NGDP,GGX_NGDP,LP,NGDP,NGDPD,NGDPDPC,NGDPRPC,NGDPRPPPPC,NGDP_D,NGDP_FY,NGDP_RPCH,PCPI,PCPIPCH,PPPGDP,PPPPC,PPPSH,TM_RPCH,TX_RPCH
Afghanistan,2.247,11.157,25.694,-2.243,-2.206,7.397,27.937,32.941,1547.29,20.136,611.268,39127.08,2328.76,120.05,1547.29,-2.351,120.671,5.607,80.912,2456.29,0.061,-2.925,0.534
Albania,-1.315,-8.677,25.905,-6.713,-4.621,75.927,32.619,2.878,1644.08,15.161,5268.24,280984.5,13394.46,203.32,1644.08,-3.482,108.613,1.621,40.658,14128.0,0.031,-19.535,-27.549
Algeria,-18.711,-12.911,30.684,-11.959,-11.655,52.273,42.643,43.851,18383.8,144.922,3304.87,163208.89,10746.03,256.869,18383.8,-5.1,211.18,2.415,497.03,11334.53,0.374,-18.943,-4.154
Andorra,0.422,14.634,40.485,-2.96,0.0,46.329,43.445,0.078,2.531,2.885,36973.85,30447.35,49728.24,106.557,2.531,-11.184,102.298,0.257,4.092,52451.57,0.003,0.0,0.0
Angola,0.872,1.5,20.983,-1.898,4.944,136.54,22.882,31.031,33611.36,58.125,1873.11,47219.95,6482.35,2293.82,33611.36,-5.75,431.227,22.277,212.172,6837.35,0.16,-33.037,-7.342
Antigua and Barbuda,-0.252,-18.358,20.399,-6.362,-3.797,101.477,26.761,0.098,3.7,1.37,13997.54,29919.2,17299.23,126.318,3.7,-20.192,102.109,1.058,1.786,18246.61,0.001,-34.634,-50.458
Argentina,3.093,0.795,33.471,-8.588,-6.179,102.79,42.059,45.388,27481.44,389.064,8571.94,13754.6,19680.3,4402.0,27481.44,-9.943,619.207,42.015,942.17,20758.08,0.709,-10.549,-12.898
Armenia,-0.479,-3.787,25.247,-5.403,-2.74,63.476,30.649,2.962,6181.66,12.641,4267.49,1282611.02,12631.53,162.702,6181.66,-7.395,218.396,1.226,39.466,13323.29,0.03,-31.113,-35.562
Aruba,-0.338,-12.959,22.929,-16.028,-11.011,110.139,38.957,0.109,4.672,2.61,24036.87,43246.83,32552.07,99.489,4.672,-18.585,97.686,-1.313,3.728,34334.77,0.003,0.0,0.0
Australia,32.483,2.393,35.973,-8.758,-7.854,57.243,44.73,25.639,1966.39,1357.64,52952.83,76440.88,49192.23,100.334,1966.39,-2.138,116.15,0.89,1330.29,51886.21,1.001,-13.012,-9.825
Austria,8.221,1.899,48.953,-8.045,-7.121,83.306,56.999,8.901,379.321,432.912,48636.3,39137.6,52262.89,108.886,379.321,-6.735,131.81,1.392,490.668,55125.04,0.369,-9.377,-10.759
Azerbaijan,-0.228,-0.533,33.711,-6.682,-5.848,21.327,40.392,10.067,72.578,42.693,4240.84,2846.06,13774.12,253.313,72.578,-4.199,263.348,2.824,146.259,14528.45,0.11,-9.837,-10.243
Bahrain,-3.245,-9.344,17.838,-17.86,-12.787,129.734,35.698,1.472,13.056,34.723,23585.91,8388.81,48018.45,105.716,13.056,-4.936,97.58,-2.324,74.564,50648.16,0.056,-0.702,-2.549
Bangladesh,-5.435,-1.454,8.468,-4.84,-3.001,34.177,13.308,164.689,31704.69,373.902,2270.35,160912.92,6058.06,119.637,31704.69,3.448,256.563,5.648,1052.34,6389.83,0.792,-3.395,-14.204
Barbados,-0.323,-6.902,29.9,-4.754,-0.963,147.024,34.654,0.288,9.354,4.677,16245.06,27364.57,13290.28,118.731,9.037,-13.73,197.208,2.882,4.036,14018.11,0.003,-11.743,-37.734
Belarus,-0.259,-0.423,35.175,-2.87,-1.213,47.493,38.045,9.41,149.721,61.312,6515.65,13098.22,19176.06,121.473,149.721,-0.673,869.354,5.536,190.329,20226.23,0.143,-8.941,0.815
Belgium,4.383,0.841,50.171,-9.047,-7.363,112.82,59.218,11.522,456.732,521.26,45238.68,36503.47,49018.77,108.588,456.732,-5.681,108.227,0.428,595.748,51703.26,0.448,-6.746,-6.413
Belize,-0.128,-6.334,23.936,-7.279,-5.492,104.491,31.215,0.421,4.039,2.019,4791.47,9117.62,7073.59,105.103,4.039,-13.676,100.0,0.122,3.145,7460.97,0.002,-23.069,-26.826
Benin,-0.274,-1.746,14.389,-4.682,-2.725,46.142,19.071,12.146,9008.81,15.674,1290.5,716783.16,3316.95,103.479,9008.81,3.849,104.171,3.049,42.493,3498.6,0.032,0.298,5.565
Bhutan,-0.382,-15.797,31.126,-1.692,-1.218,130.894,32.818,0.745,175.428,2.421,3247.93,91705.77,11271.18,256.668,175.428,-2.348,247.014,3.039,8.86,11888.44,0.007,-7.54,-3.488
Bolivia,-0.267,-0.724,25.254,-12.722,-11.228,77.971,37.976,11.63,253.112,36.897,3172.56,3865.26,7882.11,563.061,253.112,-8.738,104.422,0.942,96.689,8313.77,0.073,-23.939,-18.749
Bosnia and Herzegovina,-0.752,-3.768,41.276,-4.68,-3.941,36.533,45.956,3.487,34.255,19.951,5721.46,9017.42,13750.52,108.94,34.255,-3.119,100.117,-1.052,50.574,14503.56,0.038,-13.308,-15.75
Botswana,-1.62,-10.848,26.122,-11.056,-10.396,19.032,37.178,2.352,171.042,14.93,6348.81,71323.39,14667.62,101.977,177.104,-8.726,346.538,1.89,36.382,15470.88,0.027,5.155,-18.112
Brazil,-24.492,-1.691,29.535,-13.332,-9.149,98.682,42.867,211.756,7467.62,1448.55,6840.66,5466.03,14117.32,645.17,7467.62,-3.879,35457162626753.9,3.212,3153.14,14890.45,2.372,-8.64,-1.367
Brunei Darussalam,0.514,4.279,17.462,-15.766,-15.766,2.857,33.228,0.454,16.564,12.006,26467.8,42581.6,59990.65,85.759,16.564,1.134,100.948,1.94,28.702,63276.0,0.022,-2.676,28.74
Bulgaria,-0.047,-0.068,35.037,-2.944,-2.82,23.304,37.981,6.917,119.951,69.995,10119.91,14010.95,22506.52,123.779,119.951,-4.387,106.274,1.219,164.192,23739.08,0.124,-4.966,-10.458
Burkina Faso,0.744,4.283,19.776,-5.696,-4.289,46.37,25.472,20.912,9988.37,17.378,831.013,432855.25,2157.62,110.344,9988.37,1.93,104.153,1.885,47.592,2275.78,0.036,-2.286,-2.713
Burundi,-0.315,-10.212,22.336,-6.585,-3.635,65.965,28.921,11.875,5910.57,3.086,259.906,150417.99,732.311,330.901,5910.57,0.335,138.294,7.305,9.172,772.416,0.007,-17.818,-15.366
Cabo Verde,-0.281,-15.012,24.691,-9.088,-6.523,145.126,33.779,0.557,180.742,1.871,3359.76,282242.45,6615.62,115.009,180.742,-14.783,101.718,0.605,3.885,6977.93,0.003,-7.437,-53.342
Cambodia,-2.182,-8.66,24.475,-3.479,-3.111,35.165,27.954,15.678,103511.61,25.192,1606.81,3495791.39,4470.67,188.866,103511.61,-3.13,182.645,2.938,73.93,4715.5,0.056,-3.235,-1.083
Cameroon,-1.517,-3.713,13.392,-3.188,-2.347,44.858,16.58,26.546,23486.47,40.863,1539.35,845387.41,3668.59,104.656,23486.47,0.539,261.369,2.451,102.719,3869.5,0.077,-15.625,-6.972
Canada,-29.389,-1.786,41.647,-11.36,-10.938,117.755,53.007,37.995,2206.76,1645.42,43306.64,52623.25,46405.46,110.371,2206.76,-5.233,136.958,0.717,1859.72,48946.83,1.399,-10.839,-9.71
Central African Republic,-0.206,-8.636,21.75,-3.361,-3.052,43.422,25.111,4.83,1372.81,2.389,494.518,159461.39,937.456,178.242,1372.81,0.959,211.235,0.881,4.776,988.795,0.004,0.23,-0.277
Chad,-0.81,-7.554,21.154,2.065,3.044,54.218,19.088,16.426,6165.75,10.728,653.088,324815.95,1515.06,115.563,6165.75,-2.157,109.983,4.464,26.249,1598.04,0.02,-2.739,2.982
Chile,-4.265,-1.69,22.143,-7.143,-6.619,32.6,29.285,19.458,199899.51,252.346,12968.52,9212723.08,22052.49,111.511,199899.51,-6.068,105.37,3.044,452.604,23260.18,0.34,-12.815,-1.204
China,248.838,1.674,25.685,-9.718,-8.761,68.063,35.403,1412.12,102562.84,14862.56,10525.0,64766.38,16226.1,112.142,102562.84,2.244,111.447,2.392,24168.03,17114.71,18.18,-0.406,2.61
Colombia,-9.207,-3.405,26.584,-6.976,-4.359,65.658,33.56,50.372,998719.0,270.415,5368.32,16261178.93,13672.29,121.927,998719.0,-7.048,105.142,2.524,726.423,14421.04,0.546,-20.501,-22.702
Comoros,-0.036,-2.986,18.251,-0.512,-0.266,24.016,18.763,0.897,524.947,1.218,1357.29,466321.18,2890.88,125.468,524.947,-0.342,177.132,0.8,2.736,3049.2,0.002,6.539,-34.677
Costa Rica,-0.639,-1.028,13.966,-8.442,-3.764,67.167,22.408,5.128,36356.27,62.144,12117.61,6752952.56,19249.22,104.979,36356.27,-4.051,99.301,0.725,104.124,20303.4,0.078,-10.19,-10.939
Croatia,-0.064,-0.113,47.213,-7.324,-5.579,87.338,54.537,4.048,378.343,57.203,14131.15,89043.97,27052.72,104.964,378.343,-8.102,102.383,0.106,115.507,28534.24,0.087,-12.26,-22.726
Cyprus,-2.485,-10.071,39.316,-5.757,-3.753,114.961,45.072,0.888,21.618,24.672,27783.76,23942.88,39200.72,101.677,21.618,-4.984,99.674,-1.098,36.717,41347.53,0.028,-2.548,-5.106
Czech Republic,4.898,1.991,41.452,-5.766,-5.169,37.646,47.219,10.694,5709.13,245.975,23001.31,468730.84,38802.15,113.896,5709.13,-5.503,111.767,3.161,437.672,40927.12,0.329,-8.196,-8.031
Côte d'Ivoire,-1.974,-3.214,14.979,-5.567,-3.687,47.583,20.546,26.958,35311.38,61.437,2279.02,1338535.45,5069.55,97.859,35311.38,1.951,106.352,2.415,144.148,5347.18,0.108,10.41,-1.864
Democratic Republic of the Congo,-1.095,-2.248,8.952,-1.426,-1.183,16.487,10.377,90.794,90181.05,48.707,536.45,141862.93,1067.75,700.146,90181.05,1.735,5764.77,11.358,102.254,1126.22,0.077,1.066,6.258
Denmark,28.5,8.023,53.751,0.215,-0.108,42.205,53.536,5.823,2323.92,355.223,61005.84,357098.51,55762.47,111.765,2323.92,-1.994,102.875,0.333,342.473,58816.26,0.258,-3.552,-6.307
Djibouti,0.36,11.317,23.451,-1.731,-1.563,43.994,25.183,0.988,565.343,3.181,3219.7,534816.61,5245.41,106.992,565.343,1.202,110.385,1.786,5.466,5532.68,0.004,-29.352,-29.615
Dominica,-0.148,-29.26,60.127,-7.813,-5.654,114.526,67.94,0.073,1.361,0.504,6872.22,14172.28,10063.56,130.925,1.405,-16.605,104.504,-0.727,0.779,10614.69,0.001,-37.014,-51.734
Dominican Republic,-1.337,-1.694,14.187,-7.905,-4.665,71.494,22.092,10.448,4456.66,78.923,7553.51,234492.47,17652.97,181.897,4456.66,-6.72,100.752,3.781,194.548,18619.73,0.146,-11.558,-31.625
Ecuador,2.693,2.713,29.414,-7.125,-4.315,60.893,36.539,17.511,99.291,99.291,5670.33,3785.22,10403.08,149.802,99.291,-7.788,105.129,-0.339,192.141,10972.8,0.145,-14.858,0.847
Egypt,-11.167,-2.919,18.227,-7.469,1.188,85.312,25.696,100.6,6152.54,382.521,3802.4,41683.1,12751.3,146.722,6152.54,3.485,105.692,5.7,1353.03,13449.61,1.018,0.202,-3.961
El Salvador,0.203,0.826,24.873,-8.215,-3.813,89.402,33.089,6.486,24.563,24.563,3786.96,3602.6,8020.7,105.117,24.563,-8.175,112.027,-0.37,54.873,8459.95,0.041,-8.349,-21.043
Equatorial Guinea,-0.419,-4.151,14.102,-1.735,-0.424,48.382,15.837,1.406,5812.93,10.099,7181.47,3464154.5,17174.4,119.324,5812.93,-4.241,145.078,4.798,25.475,18114.95,0.019,-10.829,3.871
Eritrea,0.309,14.617,31.107,-4.355,-2.767,179.656,35.462,3.546,31.841,2.112,595.657,9578.12,1727.57,93.75,31.841,-0.531,264.753,5.639,6.461,1822.18,0.005,-0.294,-5.738
Estonia,-0.079,-0.252,39.364,-5.468,-5.473,18.56,44.832,1.33,27.465,31.345,23576.36,18132.37,35969.41,113.928,27.465,-0.551,109.795,-0.634,50.441,37939.25,0.038,0.433,-5.272
Eswatini,0.266,6.67,28.91,-4.541,-2.377,41.398,33.451,1.127,65.588,3.984,3535.09,37434.29,8685.71,155.476,66.722,-1.56,348.925,3.872,10.324,9161.38,0.008,-1.334,-2.401
Ethiopia,-4.444,-4.6,11.705,-2.764,-2.365,53.697,14.469,97.175,3374.35,96.611,994.197,20473.65,2756.87,169.606,3374.35,6.057,175.618,20.354,282.569,2907.85,0.213,-4.546,-8.058
Fiji,-0.569,-12.704,23.347,-7.997,-4.741,63.085,31.344,0.9,9.71,4.477,4976.2,9844.34,11219.56,109.63,10.598,-17.001,120.107,-2.595,10.647,11834.0,0.008,0.0,0.0
Finland,1.75,0.644,51.598,-5.511,-5.392,68.988,57.109,5.525,237.987,271.61,49157.63,40628.8,47478.47,106.014,237.987,-2.227,103.976,0.383,276.699,50078.6,0.208,-5.831,-6.755
France,-47.359,-1.797,52.545,-8.876,-7.68,114.651,61.421,65.284,2309.7,2636.02,40377.53,32928.9,43865.12,107.441,2309.7,-7.902,105.498,0.526,3020.54,46267.36,2.272,-13.033,-16.975
Gabon,-1.058,-6.897,17.615,-2.192,1.176,78.282,19.807,2.108,8816.14,15.339,7277.37,2676001.82,15118.63,156.304,8816.14,-1.864,139.456,1.341,33.612,15946.6,0.025,-0.753,18.871
Georgia,-1.979,-12.49,25.213,-9.255,-7.693,60.19,34.468,3.717,49.267,15.846,4263.13,10108.88,13988.18,131.12,49.267,-6.76,140.564,5.202,54.84,14754.23,0.041,-17.073,-36.494
Germany,272.471,7.011,46.075,-4.333,-3.901,67.953,50.408,83.161,3405.43,3886.56,46735.31,37541.04,52138.1,109.08,3405.43,-3.692,105.842,0.371,4573.31,54993.41,3.44,-9.122,-10.052
Ghana,-2.134,-3.048,13.047,-15.29,-9.014,79.063,28.337,30.779,391.941,70.008,2274.57,5398.46,5503.25,235.886,391.941,0.514,257.758,9.885,178.659,5804.63,0.134,-6.375,-7.318
Greece,-13.84,-7.335,48.984,-10.94,-7.946,212.449,59.923,10.719,165.326,188.684,17603.44,15587.67,26979.07,98.952,165.326,-9.019,119.943,-1.262,305.013,28456.56,0.229,-7.66,-26.281
Grenada,-0.22,-21.043,28.137,1.206,3.19,71.411,26.932,0.113,2.817,1.043,9273.2,19083.09,14480.44,131.203,2.817,-13.757,111.093,-0.742,1.719,15273.45,0.001,-11.722,-62.901
Guatemala,3.832,4.937,10.688,-4.915,-3.192,31.516,15.604,17.974,599.401,77.625,4318.64,28161.42,7869.28,118.416,599.401,-1.764,144.761,3.214,149.191,8300.24,0.112,-5.691,-7.689
Guinea,-1.929,-13.605,13.907,-3.117,-2.369,47.492,17.024,13.967,135611.6,14.178,1015.06,5067121.58,2462.0,191.612,135611.6,4.92,2055.08,10.602,36.271,2596.83,0.027,100.593,3.456
Guinea-Bissau,-0.041,-2.669,15.397,-9.638,-8.125,76.514,25.034,1.815,875.167,1.523,838.847,455831.5,2323.32,105.77,875.167,1.5,106.251,1.463,4.448,2450.55,0.003,-5.339,-13.785
Guyana,-0.897,-16.401,22.763,-7.914,-7.263,51.082,30.676,0.787,1140.76,5.471,6952.7,1903688.74,18671.3,76.149,1140.76,43.48,120.081,1.232,15.498,19693.82,0.012,26.948,154.887
Haiti,0.158,1.091,7.485,-2.396,-2.148,21.346,9.881,11.743,1449.89,14.508,1235.48,53270.64,2849.17,231.775,1449.89,-3.343,144.225,22.945,35.29,3005.2,0.027,-10.176,-39.559
Honduras,0.677,2.841,23.352,-4.655,-3.759,52.418,28.007,9.942,585.734,23.827,2396.65,20211.22,5119.06,291.497,585.734,-8.965,342.567,3.468,53.681,5399.4,0.04,-8.893,-13.391
Hong Kong SAR,24.088,6.984,20.677,-9.229,-11.143,0.997,29.907,7.427,2675.71,344.923,46443.58,360282.23,56297.32,100.0,2728.74,-6.545,99.867,0.251,441.0,59380.4,0.332,-6.858,-6.683
Hungary,-1.779,-1.135,43.408,-7.79,-5.597,79.56,51.198,9.77,48276.36,156.743,16044.09,4014610.43,31493.3,123.089,48276.36,-4.463,125.812,3.319,324.524,33218.01,0.244,-3.957,-6.076
Iceland,0.402,1.851,41.916,-8.925,-6.707,77.159,50.841,0.364,2937.93,21.695,59578.82,7034262.11,52950.66,114.7,2937.93,-6.842,170.658,2.848,20.337,55850.47,0.015,-21.54,-29.872
India,24.011,0.9,18.295,-12.757,-7.589,89.18,31.052,1380.0,198009.1,2667.69,1933.1,98249.47,6186.61,146.041,198009.1,-6.596,164.812,6.175,9005.11,6525.42,6.774,-14.001,-6.338
Indonesia,-4.433,-0.417,12.465,-6.112,-4.078,39.761,18.577,270.204,15438017.5,1062.16,3930.97,39685045.72,11586.23,143.97,15438017.5,-2.065,104.909,2.033,3302.09,12220.75,2.484,-14.896,-7.964
Iraq,-18.34,-10.824,31.305,-12.815,-11.549,84.233,44.121,40.132,201775.24,169.444,4222.11,4680957.8,9434.77,107.408,201775.24,-15.701,123.489,0.574,399.376,9951.46,0.3,0.0,0.0
Ireland,-29.114,-6.842,22.29,-5.1,-4.085,58.438,27.391,4.993,372.836,425.511,85225.09,74674.88,91602.4,100.0,372.836,6.184,101.183,-0.451,482.398,96618.95,0.363,-2.072,11.169
Islamic Republic of Iran,-0.707,-0.073,7.239,-5.766,-5.276,44.083,13.005,84.038,40791376.86,971.223,11556.95,173220467.11,14990.88,280.216,40791376.86,3.33,262.281,36.442,1328.8,15811.85,1,-27.55,-4.626
Israel,21.823,5.281,34.012,-10.664,-8.883,70.654,44.675,9.214,1422.64,413.268,44850.44,148398.75,39753.58,104.04,1422.64,-1.857,99.958,-0.588,386.364,41930.66,0.291,-8.149,-2.736
Italy,70.882,3.748,47.4,-9.597,-6.311,155.313,56.997,59.641,1656.96,1891.06,31707.1,26375.21,39135.87,105.334,1656.96,-9.026,103.025,-0.145,2461.95,41279.12,1.852,-12.111,-13.426
Jamaica,-0.061,-0.44,29.09,-3.059,3.465,108.068,32.149,2.737,1978.62,13.967,5102.76,256663.22,9474.21,281.639,1977.99,-10.049,105.21,5.21,27.353,9993.06,0.021,-16.728,-38.461
Japan,146.942,2.92,35.629,-8.966,-8.328,259.433,44.596,125.849,537249.1,5031.62,39981.48,4189566.44,39890.78,101.896,537249.1,-4.619,99.994,-0.026,5295.13,42075.38,3.983,-6.749,-11.6
Jordan,-2.509,-5.734,22.655,-8.59,-4.468,87.978,31.245,10.203,31.025,43.759,4288.81,2899.53,9816.39,104.871,31.025,-1.551,101.077,0.397,105.643,10353.98,0.079,-16.734,-15.547
Kazakhstan,-6.571,-3.841,17.509,-7.037,-7.681,26.357,24.546,18.877,70649.03,171.082,9062.96,760561.74,25172.41,492.081,70649.03,-2.6,457.28,6.799,501.205,26550.96,0.377,-27.767,-2.191
Kenya,-4.792,-4.748,16.666,-8.13,-4.205,67.953,24.796,48.693,10716.03,100.931,2072.81,179391.39,4803.65,122.679,10716.03,-0.25,426.04,5.29,246.712,5066.72,0.186,-2.633,-7.474
Kiribati,0.071,39.148,114.1,3.705,3.97,19.02,110.395,0.119,0.263,0.182,1519.52,1527.78,1858.0,144.056,0.263,-0.547,128.652,2.48,0.234,1959.75,--,-18.779,-36.194
Korea,75.902,4.615,22.862,-2.233,-2.713,48.698,25.095,51.836,1940726.2,1644.68,31728.3,35487208.09,42441.95,105.502,1940726.2,-0.709,100.0,0.537,2320.51,44766.25,1.746,-3.128,-1.707
Kosovo,-0.539,-6.973,25.641,-7.882,-7.558,22.487,33.523,1.798,6.772,7.728,4297.83,3608.82,10658.54,104.35,6.772,-5.341,105.626,0.218,20.216,11242.25,0.015,-6.196,-27.822
Kuwait,3.405,3.214,52.775,-12.861,-27.456,11.706,65.636,4.671,32.445,105.949,22683.64,7708.89,41006.31,90.11,32.445,-8.855,187.842,2.109,202.018,43251.99,0.152,-14.978,-9.866
Kyrgyz Republic,0.377,4.835,30.837,-3.255,-2.261,67.648,34.092,6.517,601.82,7.792,1195.72,26169.77,4746.81,352.879,601.82,-8.617,165.523,6.323,32.629,5006.77,0.025,-23.011,-24.763
Lao P.D.R.,-0.837,-4.519,12.981,-5.591,-4.084,82.748,18.572,7.276,167791.53,18.524,2546.1,17715056.53,7678.89,130.185,167791.53,-0.435,113.185,5.104,58.928,8099.42,0.044,-16.746,-7.407
Latvia,0.964,2.869,38.488,-3.817,-2.925,43.283,42.305,1.908,29.457,33.619,17622.78,13970.69,29953.67,110.526,29.457,-3.769,108.618,0.081,60.271,31594.07,0.045,-2.465,-2.153
Lebanon,-3.876,-15.826,16.028,-3.525,-0.477,150.583,19.552,6.825,95700.0,24.494,3588.71,6511373.18,10786.07,215.332,95700.0,-25.907,202.875,84.88,77.651,11376.76,0.058,-50.542,-49.659
Lesotho,-0.033,-1.615,55.228,0.215,1.819,54.19,55.013,2.062,33.713,2.06,999.205,9879.39,2528.93,165.499,33.713,-5.995,120.815,4.978,5.5,2667.42,0.004,-2.957,-21.306
Liberia,-0.498,-16.389,31.267,-3.841,-2.555,58.657,35.108,5.058,3.037,3.037,600.462,610.449,1363.9,98.364,3.037,-2.967,856.247,16.953,7.276,1438.59,0.005,4.813,-13.337
Libya,-3.974,-8.477,35.079,-22.279,-22.279,0.0,57.358,6.644,65.048,46.882,7056.75,9711.01,15714.55,100.824,65.048,-29.476,328.318,1.468,110.119,16575.15,0.083,-41.699,-65.906
Lithuania,4.146,7.338,34.907,-7.268,-6.677,46.58,42.175,2.795,49.507,56.502,20216.06,15514.77,37178.19,114.172,49.507,-0.132,110.628,1.062,109.599,39214.23,0.082,-4.38,0.434
Luxembourg,3.016,4.115,43.743,-3.42,-3.653,24.75,47.163,0.626,64.221,73.294,117063.65,95177.83,113851.21,107.769,64.221,-1.777,105.938,0.005,75.187,120086.2,0.057,1.586,1.253
Macao SAR,3.879,15.159,27.646,-21.207,-21.207,0.0,48.853,0.683,204.409,25.586,37455.87,299238.76,54876.23,100.0,204.409,-54.011,151.039,0.811,39.539,57881.49,0.03,0.0,0.0
Madagascar,-0.702,-5.373,12.394,-3.955,-3.224,50.823,16.349,27.34,49453.22,13.056,477.545,743178.56,1482.66,243.39,49453.22,-7.141,129.775,4.188,42.756,1563.86,0.032,-20.743,-30.628
Malawi,-1.631,-13.77,14.546,-8.183,-4.99,54.79,22.729,20.873,8815.34,11.847,567.59,347583.15,1384.38,121.505,8815.34,0.913,91.455,8.639,30.479,1460.2,0.023,6.593,-19.881
Malaysia,14.069,4.167,20.623,-4.619,-2.857,67.717,25.242,32.584,1418.0,337.612,10361.28,41282.35,26319.32,105.416,1418.0,-5.534,120.1,-1.139,904.554,27760.68,0.68,-8.875,0.4
Maldives,-1.327,-35.532,26.441,-23.505,-20.944,154.392,49.946,0.378,57.569,3.736,9882.74,135606.12,18224.0,112.305,57.569,-33.5,97.919,-1.594,7.266,19222.02,0.005,-40.354,-52.431
Mali,-0.388,-2.218,20.695,-5.42,-4.19,47.335,26.115,20.249,10052.82,17.491,863.787,264415.75,2226.08,187.76,10052.82,-1.244,144.172,0.481,47.544,2347.99,0.036,7.842,-21.864
Malta,-0.427,-2.858,36.816,-9.468,-8.148,53.378,46.284,0.515,13.074,14.921,28997.27,22967.12,41391.02,110.626,13.074,-8.325,106.368,0.787,22.465,43657.77,0.017,-0.165,-3.765
Marshall Islands,0.039,16.155,69.633,2.399,2.671,21.621,67.233,0.055,0.244,0.244,4436.45,3794.22,3678.21,116.926,0.244,-1.63,146.59,-0.658,0.213,3879.65,--,0.0,-0.702
Mauritania,-0.576,-6.692,20.949,2.736,3.657,55.82,18.213,4.147,312.594,8.612,2076.43,19593.63,5772.18,384.672,312.594,-0.938,178.99,2.264,25.251,6088.29,0.019,-0.829,2.003
Mauritius,-1.003,-9.184,22.654,-10.945,-8.142,99.184,33.599,1.266,429.694,10.921,8625.9,248075.92,19457.73,136.814,435.731,-14.898,106.314,2.52,25.983,20523.32,0.02,-11.399,-38.872
Mexico,27.103,2.487,24.166,-4.413,-0.514,60.149,28.579,127.792,23415.59,1089.83,8528.11,132980.89,18143.8,137.788,23415.59,-8.057,107.425,3.398,2445.62,19137.44,1.84,-13.764,-7.299
Micronesia,0.015,3.688,62.317,6.048,6.233,18.283,56.269,0.105,0.412,0.412,3935.56,2383.9,3259.84,165.089,0.412,-1.818,133.095,0.914,0.36,3438.37,--,0.0,0.0
Moldova,-0.893,-7.741,31.369,-5.317,-4.462,36.633,36.686,2.634,199.734,11.53,4377.54,4619.29,11859.25,1641.59,199.734,-8.3,58021.23,3.771,32.948,12508.72,0.025,-0.421,-21.332
Mongolia,-0.675,-5.067,27.884,-9.24,-6.733,97.373,37.124,3.358,37453.28,13.313,3965.1,7938955.55,11447.15,140.509,37453.28,-4.558,124.883,3.717,40.539,12074.04,0.03,-13.316,-15.066
Montenegro,-1.244,-26.05,43.416,-10.934,-8.219,107.349,54.35,0.621,4.186,4.777,7688.55,4224.31,18279.58,159.476,4.186,-15.307,307.128,-0.238,11.979,19280.65,0.009,-19.538,-48.302
Morocco,-1.415,-1.166,26.999,-7.147,-4.65,72.248,34.147,35.952,1152.42,121.348,3375.27,30210.91,7817.35,106.102,1152.42,-7.187,102.451,0.622,296.441,8245.46,0.223,-8.767,-19.977
Mozambique,-3.869,-27.332,27.495,-5.382,-2.263,119.961,32.877,31.178,983.407,14.157,454.063,21414.39,1233.42,147.291,983.407,-1.199,126.806,3.142,40.562,1300.97,0.031,-4.905,-18.083
Myanmar,-2.749,-3.384,16.038,-5.61,-4.007,39.276,21.648,53.199,115105.76,81.257,1527.43,1729192.74,4968.73,125.128,115105.76,3.189,161.137,5.725,278.806,5240.84,0.21,4.799,-2.608
Namibia,0.271,2.562,33.413,-8.072,-3.945,66.609,41.485,2.504,174.208,10.581,4224.87,53196.88,8992.55,130.756,174.208,-8.036,140.626,2.209,23.755,9485.02,0.018,-20.416,-22.1
Nauru,0.003,2.757,170.218,35.691,0.0,61.382,134.528,0.013,0.171,0.114,8866.87,6818.53,9341.36,193.75,0.171,0.706,120.039,-6.564,0.127,9852.94,--,0.0,0.0
Nepal,-0.339,-1.003,22.245,-5.364,-4.731,42.441,27.609,29.137,3888.7,33.757,1158.55,78399.11,3789.15,170.236,3888.7,-2.37,132.841,6.15,116.45,3996.66,0.088,0.0,0.0
Netherlands,64.898,7.139,44.14,-3.714,-3.198,54.586,47.854,17.408,796.53,909.065,52222.36,41802.35,54621.17,109.462,796.53,-3.913,106.955,1.119,1002.89,57612.46,0.754,-4.67,-4.273
New Zealand,-1.788,-0.849,37.682,-4.037,-3.393,43.159,41.719,5.086,323.851,210.51,41390.93,49792.56,40377.61,127.883,323.851,-2.081,150.912,1.715,216.603,42588.87,0.163,-15.843,-12.878
Nicaragua,0.497,3.948,26.925,-2.206,-1.04,48.05,29.131,6.496,432.263,12.586,1937.33,26164.83,5388.73,254.306,432.263,-1.789,234.634,3.682,36.925,5683.84,0.028,-0.804,-9.59
Niger,-1.856,-13.493,17.558,-5.338,-4.293,44.991,22.896,24.207,7907.39,13.758,568.348,308949.14,1221.74,105.733,7907.39,3.623,104.442,2.898,31.194,1288.64,0.023,27.493,63.021
Nigeria,-16.976,-3.953,6.506,-5.578,-3.464,34.486,12.084,206.14,154252.32,429.423,2083.16,343458.55,4916.71,217.869,154252.32,-1.794,329.985,13.247,1069.04,5185.97,0.804,-19.665,-16.657
North Macedonia,-0.418,-3.443,28.931,-8.212,-6.988,51.881,37.144,2.069,655.931,12.138,5867.16,213478,15747.57,148.52,655.931,-6.111,114.757,1.2,34.363,16609.98,0.026,-10.903,-10.897
Norway,4.034,1.114,54.476,-2.814,-4.853,46.801,57.29,5.385,3410.4,362.198,67265.89,657048.58,62387.43,96.395,3410.4,-0.717,121.817,1.287,354.327,65804.04,0.267,-11.936,-1.225
Oman,-12.565,-16.987,29.621,-16.084,-13.333,69.681,45.705,4.445,28.442,73.971,16640.43,7575.09,33891.38,84.464,28.442,-3.2,105.067,-0.904,158.907,35747.42,0.12,2.856,3.068
Pakistan,-4.449,-1.481,13.265,-7.032,-1.52,79.559,20.296,218.24,47540.41,300.41,1376.51,158479.95,5256.16,137.453,47540.41,-0.943,129.763,10.741,1209.92,5544.01,0.91,-14.005,-2.107
Palau,-0.105,-41.675,50.726,-9.784,0.0,0.0,60.51,0.018,0.252,0.252,14298.6,14421.59,13515.68,99.147,0.252,-8.92,103.659,0.681,0.251,14255.86,--,5.868,-45.526
Panama,1.097,2.032,18.269,-10.358,-8.027,65.562,28.627,4.279,53.977,53.977,12615.88,8255.18,25605.04,152.824,53.977,-17.945,103.229,-1.55,115.551,27007.28,0.087,-29.602,-26.949
Papua New Guinea,4.974,20.161,14.168,-8.558,-6.027,47.059,22.725,8.781,85.357,24.67,2809.52,7222.16,3600.26,134.598,85.357,-3.497,758.31,4.872,33.345,3797.43,0.025,-7.678,-5.184
Paraguay,0.959,2.707,18.695,-7.159,-5.746,36.899,25.854,7.253,239914.73,35.432,4885.4,28495666.97,12153.22,116.086,239914.73,-0.82,106.517,1.768,92.97,12818.78,0.07,-15.195,-5.179
Peru,1.546,0.751,17.842,-8.323,-6.918,34.985,26.165,33.494,719.454,205.82,6145.03,14522.15,11353.51,147.913,719.454,-11.014,134.175,1.827,401.098,11975.28,0.302,-11.077,-13.734
Philippines,11.578,3.201,20.63,-5.729,-3.91,51.638,26.359,108.77,17951.58,361.751,3325.84,161237.86,8017.74,102.359,17951.58,-9.518,104.825,2.393,919.849,8456.83,0.692,-23.498,-16.899
Poland,17.319,2.887,41.3,-6.912,-5.609,57.142,48.213,37.958,2339.0,599.798,15801.56,55370.8,32564.57,111.287,2339.0,-2.2,184.222,3.376,1303.78,34347.95,0.981,-1.131,0.011
Portugal,-2.377,-1.041,43.501,-5.84,-3.075,135.181,49.341,10.297,200.088,228.356,22176.75,18125.93,32001.69,107.202,200.088,-8.442,103.579,-0.121,347.571,33754.24,0.261,-11.873,-18.631
Puerto Rico,0.0,0.0,20.81,-0.551,1.545,50.188,21.361,3.159,103.138,103.138,32645.4,2929.09,33808.75,1114.52,103.138,-3.904,118.906,-0.497,112.663,35660.27,0.085,0.0,0.0
Qatar,-2.86,-1.98,36.032,1.333,3.658,72.614,34.699,2.684,525.657,144.411,53797.94,241411.17,91541.24,81.117,525.657,-3.558,96.6,-2.719,259.184,96554.44,0.195,-8.871,-0.399
Republic of Congo,-0.009,-0.09,22.241,-1.228,0.115,113.981,23.47,4.682,5937.1,10.33,2206.39,840965,4030.17,150.795,5937.1,-8.136,101.779,1.373,19.902,4250.88,0.015,-19.284,-2.242
Romania,-12.438,-4.985,28.831,-9.806,-8.483,49.643,38.637,19.329,1058.93,249.512,12908.81,43361.99,28983.44,126.343,1058.93,-3.748,127.092,2.646,590.895,30570.7,0.444,-5.193,-9.405
Russia,35.373,2.383,35.252,-3.999,-3.755,19.204,39.25,146.171,107390.3,1484.42,10155.34,609948.62,26718.04,120.451,107390.3,-2.664,123.318,3.382,4119.28,28181.24,3.099,-11.804,-4.084
Rwanda,-1.228,-12.052,23.892,-9.533,-7.915,65.572,33.425,12.665,9607.0,10.185,804.188,697841.42,2146.37,108.701,9607.0,-3.357,127.829,7.716,28.672,2263.92,0.022,2.796,-15.321
Samoa,0.001,0.17,35.911,5.408,0.0,43.186,30.503,0.198,2.344,0.869,4379.31,10698.12,5738.7,110.436,2.344,-3.108,109.065,1.48,1.201,6052.98,0.001,0.0,0.0
San Marino,0.043,2.782,21.586,-37.592,-36.64,71.647,59.178,0.034,1.352,1.543,45640.98,33913.63,56658.73,117.92,1.352,-6.684,112.718,0.215,2.021,59761.61,0.002,0.0,0.0
Saudi Arabia,-22.814,-3.244,29.634,-11.15,-13.029,32.404,40.784,35.013,2637.63,703.368,20088.52,72332.9,44096.75,104.146,2637.63,-4.138,101.28,3.445,1628.53,46511.68,1.225,-16.128,-14.394
Senegal,-2.665,-10.864,20.159,-6.405,-4.351,69.166,26.564,16.744,14101.0,24.534,1465.24,798617.77,3321.72,105.452,14101.0,1.326,107.403,2.529,58.665,3503.63,0.044,12.125,-11.904
Serbia,-2.198,-4.122,40.983,-7.242,-5.238,58.71,48.225,6.927,5502.22,53.335,7699.91,709806.52,18193.8,111.911,5502.22,-0.945,200.01,1.575,132.925,19190.17,0.1,-2.064,-5.373
Seychelles,-0.173,-13.724,33.96,-16.544,-13.738,84.845,50.504,0.097,22.211,1.262,12981.87,207753.34,27213.25,109.977,22.211,-7.723,113.18,1.203,2.79,28703.56,0.002,-28.312,-28.682
Sierra Leone,-0.276,-6.791,19.967,-5.759,-2.732,76.331,25.726,7.977,39938.07,4.059,508.812,1254577.51,1637.3,399.072,39938.07,-1.969,83.544,13.447,13.776,1726.96,0.01,-15.559,-40.358
Singapore,58.139,16.838,17.852,-6.905,0.0,151.95,24.757,5.686,476.405,345.286,60727.62,81089.09,94505.64,103.329,479.602,-4.143,99.818,-0.182,566.768,99681.18,0.426,-2.285,-0.247
Slovak Republic,0.364,0.347,39.851,-5.468,-4.445,59.744,45.32,5.458,92.079,105.088,19254.47,15649.87,31344.66,107.802,92.079,-4.359,108.459,2.008,180.444,33061.23,0.136,-8.405,-7.39
Slovenia,4.054,7.555,43.312,-7.898,-6.511,79.588,51.21,2.096,47.021,53.664,25604.64,19807.13,37381.19,113.267,47.021,-4.321,104.758,-0.052,82.636,39428.35,0.062,-9.595,-8.6
Solomon Islands,-0.025,-1.631,33.434,-2.438,-2.242,13.654,35.872,0.685,12.617,1.536,2243.99,15152.85,2175.72,121.633,12.617,-3.382,108.283,2.964,1.571,2294.88,0.001,-21.052,-28.449
Somalia,-0.746,-10.837,7.22,0.359,0.385,0.0,6.86,14.775,6.883,6.883,465.852,403.111,1131.41,115.564,6.883,-0.285,119.27,4.304,17.632,1193.37,0.013,0.0,0.0
South Africa,6.656,1.972,24.966,-9.672,-5.589,69.0,34.638,59.622,5556.92,337.521,5661.01,72009.59,12639.64,129.431,5556.92,-6.342,93.292,3.275,794.871,13331.84,0.598,-17.399,-11.863
South Sudan,-0.926,-13.797,26.725,2.891,3.712,36.35,23.834,13.779,1113.17,6.71,486.946,1089.26,749.309,7416.61,1113.17,-6.514,11084.05,23.984,10.89,790.344,0.008,0.0,0.0
Spain,10.558,0.825,41.49,-10.268,-8.215,119.951,51.758,47.356,1121.95,1280.46,27039.18,22481.04,36258.78,105.386,1121.95,-10.823,97.0,-0.323,1811.09,38244.47,1.362,-15.193,-20.151
Sri Lanka,-1.187,-1.391,8.67,-12.06,-5.872,95.695,20.73,21.919,15840.16,85.349,3893.84,581582.87,13095.76,124.259,15840.16,-3.472,135.367,4.557,302.766,13812.94,0.228,-20.508,-29.591
St. Kitts and Nevis,-0.078,-7.995,31.599,-2.725,-1.5,56.846,34.324,0.057,2.649,0.981,17179.48,37025.25,22753.73,125.278,2.649,-13.969,105.261,-0.589,1.371,23999.82,0.001,-23.337,-34.044
St. Lucia,-0.238,-15.673,22.144,-11.869,-7.966,96.896,34.013,0.181,4.093,1.516,8377.89,23064.05,11540.59,98.076,4.212,-24.365,115.618,-1.755,2.203,12172.61,0.002,-25.486,-60.105
St. Vincent and the Grenadines,-0.131,-15.074,28.432,-5.286,-3.536,79.245,33.717,0.111,2.355,0.872,7878.67,20506.4,12735.53,103.735,2.355,-5.313,110.758,-0.606,1.487,13432.99,0.001,-5.507,-32.952
Sudan,-6.004,-17.464,4.823,-5.933,-5.907,263.372,10.756,44.345,5169.67,34.379,775.258,472.014,3972.72,24697.84,5169.67,-3.63,5083.45,163.258,185.82,4190.28,0.14,-0.38,-13.993
Suriname,0.261,9.059,18.423,-12.125,-8.445,146.096,30.548,0.603,38.353,2.884,4786.83,25047.83,15446.06,254.123,38.353,-15.906,189.7,34.89,9.817,16291.95,0.007,-18.147,-11.005
Sweden,32.236,5.893,48.126,-2.791,-2.905,39.224,50.916,10.379,5038.54,547.054,52706.29,499888.77,51983.15,97.11,5038.54,-2.17,107.642,0.659,569.096,54829.97,0.428,-5.906,-5.804
Switzerland,21.179,2.866,34.088,-3.024,-2.957,43.334,37.111,8.606,693.893,738.998,85870.06,81503.6,68397.17,98.927,693.893,-2.514,100.422,-0.727,620.862,72142.9,0.467,-3.012,-5.601
São Tomé and Príncipe,-0.053,-11.01,29.015,5.917,6.262,81.374,23.098,0.218,10.247,0.477,2189.68,20291.87,4035.58,231.649,10.247,3.025,140.5,9.82,0.928,4256.58,0.001,-8.878,-35.049
Taiwan Province of China,94.799,14.165,15.335,-2.922,0.0,32.598,18.258,23.561,19798.6,669.25,28404.72,842849.59,53128.31,99.698,19798.6,3.359,102.306,-0.239,1320.32,56037.84,0.993,-3.263,0.753
Tajikistan,0.336,4.13,24.824,-4.339,-3.416,50.433,29.164,9.475,83.958,8.134,858.445,32.824,3677.77,26994.92,83.958,4.39,1659.01,8.58,36.756,3879.18,0.028,-3.19,5.431
Tanzania,-1.165,-1.809,14.569,-2.503,-0.878,40.528,17.073,58.001,148522.11,64.403,1110.37,2225748.68,2773.72,115.048,148522.11,4.806,367.525,3.289,169.689,2925.62,0.128,0.443,-0.374
Thailand,21.178,4.238,20.652,-4.713,-4.244,49.473,25.365,69.8,15636.89,499.75,7159.74,146798.54,17253.07,152.607,15863.38,-6.195,99.151,-0.847,1270.22,18197.92,0.956,-14.139,-19.682
The Bahamas,-2.373,-24.468,18.51,-7.296,-4.244,74.961,25.806,0.385,9.7,9.7,25193.92,22468.49,28146.48,112.13,11.317,-23.823,108.07,0.039,11.43,29687.9,0.009,-22.742,-67.784
The Gambia,-0.053,-2.949,22.979,-2.176,1.003,85.888,25.155,2.419,93.33,1.809,747.886,25681.95,2173.16,150.206,93.33,0.591,546.453,5.931,5.546,2292.17,0.004,2.225,-58.126
Timor-Leste,-0.308,-16.193,47.817,-21.487,-21.397,11.473,69.304,1.318,1.595,1.902,1442.73,1587.86,3925.95,107.744,1.902,-8.574,101.333,0.488,5.46,4140.95,0.004,0.0,0.0
Togo,-0.021,-0.274,16.238,-6.875,-4.579,60.28,23.113,8.285,4359.85,7.586,915.625,507149.92,2106.38,103.768,4359.85,1.758,106.008,1.831,18.406,2221.74,0.014,5.806,-6.661
Tonga,-0.019,-3.955,44.203,5.378,6.113,43.62,38.825,0.1,1.12,0.49,4891.95,10302.29,5919.19,108.462,1.12,0.489,100.208,0.423,0.626,6243.35,--,-3.218,-4.288
Trinidad and Tobago,-1.356,-6.341,22.767,-11.574,-8.179,59.273,34.341,1.399,144.422,21.393,15285.94,102325.65,24768.68,100.851,148.65,-7.374,125.419,0.599,36.562,26125.12,0.028,-6.177,-25.076
Tunisia,-2.506,-5.895,25.462,-9.052,-5.929,82.849,34.515,11.903,119.566,42.516,3571.83,7401.6,10240.73,135.713,119.566,-8.735,132.02,5.635,128.572,10801.56,0.097,-15.005,-10.958
Turkmenistan,-1.758,-3.305,11.442,-0.135,0.0,13.122,11.577,6.061,186.153,53.187,8775.33,17656.89,15603.27,173.947,186.153,-2.954,542.36,7.583,99.75,16457.78,0.075,8.177,-11.722
Tuvalu,-0.004,-7.868,122.155,7.732,2.49,7.292,114.422,0.011,0.08,0.055,5105.93,6229.5,4739.16,118.715,0.08,1.006,167.62,1.57,0.054,4998.7,--,0.0,0.0
Türkiye,-35.537,-4.935,28.854,-5.122,-3.217,39.651,33.976,83.614,5048.22,720.11,8612.31,21582.52,28878.96,279.742,5048.22,1.94,469.591,12.279,2546.92,30460.5,1.916,6.789,-14.214
Uganda,-3.551,-9.465,13.916,-7.469,-5.223,46.319,21.385,41.222,141555.0,37.519,910.16,3060098.69,2443.28,112.217,141555.0,-1.388,110.58,2.758,106.233,2577.08,0.08,-2.547,-12.327
Ukraine,5.172,3.307,39.682,-5.918,-3.024,60.565,45.6,41.403,4222.03,156.418,3777.89,60618.67,12517.38,168.22,4222.03,-3.753,90264859.78,2.74,546.644,13202.88,0.411,-3.308,11.188
United Arab Emirates,21.103,5.88,27.912,-5.191,-4.901,39.672,33.103,9.89,1317.95,358.869,36284.56,145499.45,64199.35,91.585,1317.95,-4.8,272.444,-2.079,669.73,67715.19,0.504,-16.744,-7.87
United Kingdom,-69.013,-2.502,36.16,-12.761,-11.728,102.608,48.921,67.081,2150.38,2758.87,41127.44,30503.56,42975.53,105.091,2150.38,-9.27,108.736,0.851,3040.72,45329.05,2.287,-15.769,-12.961
United States,-619.698,-2.966,30.804,-14.492,-12.376,134.54,45.296,331.234,20893.75,20893.75,63078.47,55503.62,59803.38,113.647,20893.75,-3.405,258.838,1.249,20893.75,63078.47,15.717,-8.933,-13.561
Uruguay,-0.449,-0.837,28.124,-4.668,-2.109,68.307,32.793,3.531,2250.27,53.698,15208.01,470386.67,21200.62,135.485,2250.27,-6.115,216.725,9.756,78.957,22361.66,0.059,-12.799,-19.09
Uzbekistan,-3.007,-5.021,25.6,-3.273,-3.371,37.621,28.873,33.905,602193.0,59.893,1766.47,17761080.79,7415.02,100.0,602193.0,1.886,100.0,12.868,265.176,7821.1,0.199,-12.994,-20.029
Vanuatu,0.027,2.716,42.008,-1.974,-1.141,47.533,43.983,0.302,103.482,0.994,3294.92,221339.75,2543.21,154.966,103.482,-5.396,167.5,5.346,0.809,2682.49,0.001,0.0,0.0
Venezuela,-3.605,-8.02,4.3,-5.011,-4.926,319.088,9.311,27.951,14.704,44.953,1608.28,--,5459.84,9210886001218.12,14.704,-29.992,89714263101.08,2355.15,160.965,5758.84,0.121,-20.6,-48.1
Vietnam,15.06,4.392,18.571,-2.889,-1.553,41.668,21.46,97.583,7966121.55,342.941,3514.37,51108993.96,10312.54,159.726,7966121.55,2.944,282.118,3.222,1061.44,10877.3,0.798,2.655,3.569
West Bank and Gaza,-1.903,-12.25,25.258,-7.373,0.0,47.08,32.631,5.101,53.466,15.532,3044.74,10695.83,5087.06,97.994,53.466,-11.318,100.833,-0.711,27.371,5365.65,0.021,-14.171,-11.199
Yemen,-1.105,-5.864,6.633,-4.784,-2.756,83.956,11.417,30.245,14005.57,18.85,623.233,6981.4,1876.94,6632.85,14005.57,-8.5,1510.56,23.095,59.877,1979.73,0.045,-21.26,13.182
Zambia,2.181,12.041,20.299,-13.783,-7.834,140.211,34.081,18.882,332.223,18.111,959.148,7295.57,3191.37,241.17,332.223,-2.785,265.798,15.733,63.559,3366.14,0.048,-10.597,9.23
Zimbabwe,0.678,2.926,15.393,0.763,1.026,102.491,14.629,15.189,1189.14,23.181,1526.16,1177.87,2048.27,6646.59,1189.14,-5.156,1530.03,557.21,32.816,2160.44,0.025,0.0,0.0
